{"randomness": 0.4020000100135803, "dir_1": 0.2939999997615814, "dir_2": 0.3149999976158142, "dir_3": 0.3499999940395355, "dir_4": 0.39500001072883606, "dir_5": 0.8500000238418579, "dir_6": 1.0}