{"randomness": 0.33899998664855957, "dir_1": 0.4339999854564667, "dir_2": 0.4339999854564667, "dir_3": 0.5490000247955322, "dir_4": 0.4410000145435333, "dir_5": 0.4269999861717224, "dir_6": 0.7269999980926514}